Cluster ID,confidence_score,index,subject,predicate,object,sentence_id,sentence
0,0.8419922691267033,0,德国,产国,Sd Kfz 251,0,该车是对战前德国Sd Kfz 251半履带式装甲车改进而成，改进项目包括用太脱拉(Tatra)88kW(120马力)的柴油机替代88kW的汽油机，将原敞开式载员舱附加了顶装甲。60年代作为装甲人员输送车，该车虽被OT-64(8×8)装甲车取代，但今天仍在陆军中装备，作反坦克车使用。
0,0.8419922691267033,1,德国,产国,Sd Kfz 251,0,该车是对战前德国Sd Kfz 251半履带式装甲车改进而成，改进项目包括用太脱拉(Tatra)88kW(120马力)的柴油机替代88kW的汽油机，将原敞开式载员舱附加了顶装甲。60年代作为装甲人员输送车，该车虽被OT-64(8×8)装甲车取代，但今天仍在陆军中装备，作反坦克车使用。
0,0.7791916751926983,2,装甲车,型号,Sd Kfz 251,0,该车是对战前德国Sd Kfz 251半履带式装甲车改进而成，改进项目包括用太脱拉(Tatra)88kW(120马力)的柴油机替代88kW的汽油机，将原敞开式载员舱附加了顶装甲。60年代作为装甲人员输送车，该车虽被OT-64(8×8)装甲车取代，但今天仍在陆军中装备，作反坦克车使用。
1,0.81861275738812,3,4000,最大射程,红箭-8L反坦克导弹,1,红箭-8L反坦克导弹：被称为一名士兵就可携带和操作的反坦克导弹，提高了抗干扰能力，并改进了夜间作战性能，而且兼容发射射程3000米和4000米的二种红箭-8反坦克导弹，单从射程上来看，该导弹是世界同类便携式导弹中的佼佼者·有效攻击距离远达4000米·
1,0.81861275738812,4,3000米,最大射程,红箭-8L反坦克导弹,1,红箭-8L反坦克导弹：被称为一名士兵就可携带和操作的反坦克导弹，提高了抗干扰能力，并改进了夜间作战性能，而且兼容发射射程3000米和4000米的二种红箭-8反坦克导弹，单从射程上来看，该导弹是世界同类便携式导弹中的佼佼者·有效攻击距离远达4000米·
1,0.81861275738812,5,4000米,最大射程,红箭-8L反坦克导弹,1,红箭-8L反坦克导弹：被称为一名士兵就可携带和操作的反坦克导弹，提高了抗干扰能力，并改进了夜间作战性能，而且兼容发射射程3000米和4000米的二种红箭-8反坦克导弹，单从射程上来看，该导弹是世界同类便携式导弹中的佼佼者·有效攻击距离远达4000米·
2,0.7791916751926983,6,德军,研发单位与厂商,架桥坦克,2,重装集结：二战德军坦克及变型车辆全集：Ⅱ号a3型架桥坦克　82
2,0.7915022267179217,7,Ⅱ号,型号,架桥坦克,2,重装集结：二战德军坦克及变型车辆全集：Ⅱ号a3型架桥坦克　82
2,0.7915022267179217,8,a3型,型号,架桥坦克,2,重装集结：二战德军坦克及变型车辆全集：Ⅱ号a3型架桥坦克　82
2,0.7791916751926983,9,二战,投入使用时间,架桥坦克,2,重装集结：二战德军坦克及变型车辆全集：Ⅱ号a3型架桥坦克　82
3,0.7791916751926983,10,德军,研发单位与厂商,喷火坦克,3,重装集结：二战德军坦克及变型车辆全集：I号A型喷火坦克　55
3,0.7791916751926983,11,I号A型,型号,喷火坦克,3,重装集结：二战德军坦克及变型车辆全集：I号A型喷火坦克　55
3,0.7791916751926983,12,二战,投入使用时间,喷火坦克,3,重装集结：二战德军坦克及变型车辆全集：I号A型喷火坦克　55
4,0.7892136513025316,13,50 千米 /400 千,最大速度,T-54型主战坦克,4,T-54型主战坦克：型号                T-54                                   战斗全重            36000 千克                        车长(炮向前)                  9 米                         车体长              6.2 米                                 车宽                3.27 米                                车高至(炮塔)                  2.4 米                               公路最大时速/行程    50 千米 /400 千米   　越野平均时速/行程    20-25 千米 /280 千米                     爬坡                30度                                   涉水                1.4-5 米           
4,0.7892136513025316,14,50 千米 /400 千,最大速度,T-54型主战坦克,4,T-54型主战坦克：型号                T-54                                   战斗全重            36000 千克                        车长(炮向前)                  9 米                         车体长              6.2 米                                 车宽                3.27 米                                车高至(炮塔)                  2.4 米                               公路最大时速/行程    50 千米 /400 千米   　越野平均时速/行程    20-25 千米 /280 千米                     爬坡                30度                                   涉水                1.4-5 米           
4,0.8467025431153408,15,3.27 米,宽度,T-54型主战坦克,4,T-54型主战坦克：型号                T-54                                   战斗全重            36000 千克                        车长(炮向前)                  9 米                         车体长              6.2 米                                 车宽                3.27 米                                车高至(炮塔)                  2.4 米                               公路最大时速/行程    50 千米 /400 千米   　越野平均时速/行程    20-25 千米 /280 千米                     爬坡                30度                                   涉水                1.4-5 米           
4,0.8467025431153408,16,3.27 米,宽度,T-54型主战坦克,4,T-54型主战坦克：型号                T-54                                   战斗全重            36000 千克                        车长(炮向前)                  9 米                         车体长              6.2 米                                 车宽                3.27 米                                车高至(炮塔)                  2.4 米                               公路最大时速/行程    50 千米 /400 千米   　越野平均时速/行程    20-25 千米 /280 千米                     爬坡                30度                                   涉水                1.4-5 米           
4,0.8489386865931486,17,9 米,长度,T-54型主战坦克,4,T-54型主战坦克：型号                T-54                                   战斗全重            36000 千克                        车长(炮向前)                  9 米                         车体长              6.2 米                                 车宽                3.27 米                                车高至(炮塔)                  2.4 米                               公路最大时速/行程    50 千米 /400 千米   　越野平均时速/行程    20-25 千米 /280 千米                     爬坡                30度                                   涉水                1.4-5 米           
4,0.8489386865931486,18,9 米,长度,T-54型主战坦克,4,T-54型主战坦克：型号                T-54                                   战斗全重            36000 千克                        车长(炮向前)                  9 米                         车体长              6.2 米                                 车宽                3.27 米                                车高至(炮塔)                  2.4 米                               公路最大时速/行程    50 千米 /400 千米   　越野平均时速/行程    20-25 千米 /280 千米                     爬坡                30度                                   涉水                1.4-5 米           
4,0.8489386865931486,19,6.2 米,长度,T-54型主战坦克,4,T-54型主战坦克：型号                T-54                                   战斗全重            36000 千克                        车长(炮向前)                  9 米                         车体长              6.2 米                                 车宽                3.27 米                                车高至(炮塔)                  2.4 米                               公路最大时速/行程    50 千米 /400 千米   　越野平均时速/行程    20-25 千米 /280 千米                     爬坡                30度                                   涉水                1.4-5 米           
4,0.8489386865931486,20,6.2 米,长度,T-54型主战坦克,4,T-54型主战坦克：型号                T-54                                   战斗全重            36000 千克                        车长(炮向前)                  9 米                         车体长              6.2 米                                 车宽                3.27 米                                车高至(炮塔)                  2.4 米                               公路最大时速/行程    50 千米 /400 千米   　越野平均时速/行程    20-25 千米 /280 千米                     爬坡                30度                                   涉水                1.4-5 米           
4,0.8467025431153408,21,2.4 米,高度,T-54型主战坦克,4,T-54型主战坦克：型号                T-54                                   战斗全重            36000 千克                        车长(炮向前)                  9 米                         车体长              6.2 米                                 车宽                3.27 米                                车高至(炮塔)                  2.4 米                               公路最大时速/行程    50 千米 /400 千米   　越野平均时速/行程    20-25 千米 /280 千米                     爬坡                30度                                   涉水                1.4-5 米           
4,0.8467025431153408,22,2.4 米,高度,T-54型主战坦克,4,T-54型主战坦克：型号                T-54                                   战斗全重            36000 千克                        车长(炮向前)                  9 米                         车体长              6.2 米                                 车宽                3.27 米                                车高至(炮塔)                  2.4 米                               公路最大时速/行程    50 千米 /400 千米   　越野平均时速/行程    20-25 千米 /280 千米                     爬坡                30度                                   涉水                1.4-5 米           
4,0.7892136513025316,23,36000 千克,重量,T-54型主战坦克,4,T-54型主战坦克：型号                T-54                                   战斗全重            36000 千克                        车长(炮向前)                  9 米                         车体长              6.2 米                                 车宽                3.27 米                                车高至(炮塔)                  2.4 米                               公路最大时速/行程    50 千米 /400 千米   　越野平均时速/行程    20-25 千米 /280 千米                     爬坡                30度                                   涉水                1.4-5 米           
4,0.7892136513025316,24,36000 千克,重量,T-54型主战坦克,4,T-54型主战坦克：型号                T-54                                   战斗全重            36000 千克                        车长(炮向前)                  9 米                         车体长              6.2 米                                 车宽                3.27 米                                车高至(炮塔)                  2.4 米                               公路最大时速/行程    50 千米 /400 千米   　越野平均时速/行程    20-25 千米 /280 千米                     爬坡                30度                                   涉水                1.4-5 米           
5,0.7791916751926983,25,VFM5,型号,轻型坦克样车,6,为了满足美国陆军和有些国家提出装备轻型坦克的要求，英国维克斯公司和美国食品机械化学公司于1986年联合研制VFM5轻型坦克样车。该车将主战坦克的火力和防护力同轻型坦克的机动性结合于一体，主要用于各国组建的快速反应部队。该坦克价格为100～150万美元。
6,0.8179736575322939,26,英国,产国,食品机械化学公司,6,为了满足美国陆军和有些国家提出装备轻型坦克的要求，英国维克斯公司和美国食品机械化学公司于1986年联合研制VFM5轻型坦克样车。该车将主战坦克的火力和防护力同轻型坦克的机动性结合于一体，主要用于各国组建的快速反应部队。该坦克价格为100～150万美元。
6,0.8497881506973344,27,英国,研发单位与厂商,食品机械化学公司,6,为了满足美国陆军和有些国家提出装备轻型坦克的要求，英国维克斯公司和美国食品机械化学公司于1986年联合研制VFM5轻型坦克样车。该车将主战坦克的火力和防护力同轻型坦克的机动性结合于一体，主要用于各国组建的快速反应部队。该坦克价格为100～150万美元。
5,0.7979385636909558,28,英国,研发单位与厂商,轻型坦克样车,6,为了满足美国陆军和有些国家提出装备轻型坦克的要求，英国维克斯公司和美国食品机械化学公司于1986年联合研制VFM5轻型坦克样车。该车将主战坦克的火力和防护力同轻型坦克的机动性结合于一体，主要用于各国组建的快速反应部队。该坦克价格为100～150万美元。
6,0.8045867798152773,29,美国,研发单位与厂商,食品机械化学公司,6,为了满足美国陆军和有些国家提出装备轻型坦克的要求，英国维克斯公司和美国食品机械化学公司于1986年联合研制VFM5轻型坦克样车。该车将主战坦克的火力和防护力同轻型坦克的机动性结合于一体，主要用于各国组建的快速反应部队。该坦克价格为100～150万美元。
5,0.7979385636909558,30,美国,研发单位与厂商,轻型坦克样车,6,为了满足美国陆军和有些国家提出装备轻型坦克的要求，英国维克斯公司和美国食品机械化学公司于1986年联合研制VFM5轻型坦克样车。该车将主战坦克的火力和防护力同轻型坦克的机动性结合于一体，主要用于各国组建的快速反应部队。该坦克价格为100～150万美元。
6,0.8045867798152773,31,维克斯公司,研发单位与厂商,食品机械化学公司,6,为了满足美国陆军和有些国家提出装备轻型坦克的要求，英国维克斯公司和美国食品机械化学公司于1986年联合研制VFM5轻型坦克样车。该车将主战坦克的火力和防护力同轻型坦克的机动性结合于一体，主要用于各国组建的快速反应部队。该坦克价格为100～150万美元。
5,0.7979385636909558,32,维克斯公司,研发单位与厂商,轻型坦克样车,6,为了满足美国陆军和有些国家提出装备轻型坦克的要求，英国维克斯公司和美国食品机械化学公司于1986年联合研制VFM5轻型坦克样车。该车将主战坦克的火力和防护力同轻型坦克的机动性结合于一体，主要用于各国组建的快速反应部队。该坦克价格为100～150万美元。
5,0.7791916751926983,33,1986年,研发时间,轻型坦克样车,6,为了满足美国陆军和有些国家提出装备轻型坦克的要求，英国维克斯公司和美国食品机械化学公司于1986年联合研制VFM5轻型坦克样车。该车将主战坦克的火力和防护力同轻型坦克的机动性结合于一体，主要用于各国组建的快速反应部队。该坦克价格为100～150万美元。
7,0.7791916751926983,34,42～80吨,重量,重型坦克火炮,9,20世纪60年代以前，坦克多按战斗全重和火炮口径分为轻、中、重型。通常重型坦克重42～80吨，火炮口径最大为130毫米，主要用于支援中型坦克战斗。其特点是火炮口径大，炮管长，攻击力大。因为坦克火炮口径大，意味着攻击力大。重型坦克火炮口径有88毫米、90毫米、100毫米、105毫米、120毫米、122毫米、128毫米、130毫米、150毫米甚至152毫米。同时，重型坦克车体装甲厚，抵御炮击的能力强，但是体重大导致机动性较慢。重型坦克外形庞大重量惊人，是战场上扭转战局的关键。重型装甲和强力火炮，使每一辆重型坦克都是一股不容忽视的力量。
7,0.8045867798152773,35,130毫米,口径,重型坦克火炮,9,20世纪60年代以前，坦克多按战斗全重和火炮口径分为轻、中、重型。通常重型坦克重42～80吨，火炮口径最大为130毫米，主要用于支援中型坦克战斗。其特点是火炮口径大，炮管长，攻击力大。因为坦克火炮口径大，意味着攻击力大。重型坦克火炮口径有88毫米、90毫米、100毫米、105毫米、120毫米、122毫米、128毫米、130毫米、150毫米甚至152毫米。同时，重型坦克车体装甲厚，抵御炮击的能力强，但是体重大导致机动性较慢。重型坦克外形庞大重量惊人，是战场上扭转战局的关键。重型装甲和强力火炮，使每一辆重型坦克都是一股不容忽视的力量。
7,0.8045867798152773,36,90毫,口径,重型坦克火炮,9,20世纪60年代以前，坦克多按战斗全重和火炮口径分为轻、中、重型。通常重型坦克重42～80吨，火炮口径最大为130毫米，主要用于支援中型坦克战斗。其特点是火炮口径大，炮管长，攻击力大。因为坦克火炮口径大，意味着攻击力大。重型坦克火炮口径有88毫米、90毫米、100毫米、105毫米、120毫米、122毫米、128毫米、130毫米、150毫米甚至152毫米。同时，重型坦克车体装甲厚，抵御炮击的能力强，但是体重大导致机动性较慢。重型坦克外形庞大重量惊人，是战场上扭转战局的关键。重型装甲和强力火炮，使每一辆重型坦克都是一股不容忽视的力量。
7,0.8045867798152773,37,88毫米,口径,重型坦克火炮,9,20世纪60年代以前，坦克多按战斗全重和火炮口径分为轻、中、重型。通常重型坦克重42～80吨，火炮口径最大为130毫米，主要用于支援中型坦克战斗。其特点是火炮口径大，炮管长，攻击力大。因为坦克火炮口径大，意味着攻击力大。重型坦克火炮口径有88毫米、90毫米、100毫米、105毫米、120毫米、122毫米、128毫米、130毫米、150毫米甚至152毫米。同时，重型坦克车体装甲厚，抵御炮击的能力强，但是体重大导致机动性较慢。重型坦克外形庞大重量惊人，是战场上扭转战局的关键。重型装甲和强力火炮，使每一辆重型坦克都是一股不容忽视的力量。
8,0.81861275,38,M1型,型号,T-34坦克,11,T-34坦克[第二次世界大战中苏联著名坦克]：第二次世界大战后，苏军中T-34坦克直到20世纪50年代才被T-54/T-55中型坦克取代。波兰在1951～1956年间生产的M1型和M2型T-34/85坦克有如下改进：改进了发动机起动装置，乘员从5人减为4人，增加了弹药基数，装有较好的涉水设备，增大了行程，改进了电台和光学设备。
8,0.81861275,39,M2型T-34/85,型号,T-34坦克,11,T-34坦克[第二次世界大战中苏联著名坦克]：第二次世界大战后，苏军中T-34坦克直到20世纪50年代才被T-54/T-55中型坦克取代。波兰在1951～1956年间生产的M1型和M2型T-34/85坦克有如下改进：改进了发动机起动装置，乘员从5人减为4人，增加了弹药基数，装有较好的涉水设备，增大了行程，改进了电台和光学设备。
9,0.7791917,40,英国,产国,戴姆勒(Daimler)MK2,13,萨拉丁轮式侦察车：1946年1月，英国陆军提出了用新的装甲车取代第二次世界大战期间的戴姆勒(Daimler)MK2和辅助设备公司(AEC)的MK3装甲车的要求。代号为FV601(A)的新车研制工作于同年在战车设计所(Fighting Vehicles Design Department)即现在的皇家武器装备研究与发展院(Royal Armament Research and Development Establishment)展开。
33,1.0,41,英国,产国,萨,13,萨拉丁轮式侦察车：1946年1月，英国陆军提出了用新的装甲车取代第二次世界大战期间的戴姆勒(Daimler)MK2和辅助设备公司(AEC)的MK3装甲车的要求。代号为FV601(A)的新车研制工作于同年在战车设计所(Fighting Vehicles Design Department)即现在的皇家武器装备研究与发展院(Royal Armament Research and Development Establishment)展开。
9,0.7791917,42,辅助设备公司(AEC),研发单位与厂商,戴姆勒(Daimler)MK2,13,萨拉丁轮式侦察车：1946年1月，英国陆军提出了用新的装甲车取代第二次世界大战期间的戴姆勒(Daimler)MK2和辅助设备公司(AEC)的MK3装甲车的要求。代号为FV601(A)的新车研制工作于同年在战车设计所(Fighting Vehicles Design Department)即现在的皇家武器装备研究与发展院(Royal Armament Research and Development Establishment)展开。
34,1.0,43,FV601(A),型号,辅助设备公司(AEC),13,萨拉丁轮式侦察车：1946年1月，英国陆军提出了用新的装甲车取代第二次世界大战期间的戴姆勒(Daimler)MK2和辅助设备公司(AEC)的MK3装甲车的要求。代号为FV601(A)的新车研制工作于同年在战车设计所(Fighting Vehicles Design Department)即现在的皇家武器装备研究与发展院(Royal Armament Research and Development Establishment)展开。
10,0.7837259996232242,44,苏联,产国,轮式装甲人员输送车,14,1950年，苏联在ЗИЛ-151卡车底盘上改装成БТР-152(6×6)轮式装甲人员输送车，但后来生产的车辆又改用ЗИЛ-157卡车底盘。
10,0.8079971929559168,45,ЗИЛ-151,型号,轮式装甲人员输送车,14,1950年，苏联在ЗИЛ-151卡车底盘上改装成БТР-152(6×6)轮式装甲人员输送车，但后来生产的车辆又改用ЗИЛ-157卡车底盘。
11,0.81861275738812,46,ЗИЛ-151,型号,卡,14,1950年，苏联在ЗИЛ-151卡车底盘上改装成БТР-152(6×6)轮式装甲人员输送车，但后来生产的车辆又改用ЗИЛ-157卡车底盘。
10,0.8079971929559168,47,БТР-152(6×6),型号,轮式装甲人员输送车,14,1950年，苏联在ЗИЛ-151卡车底盘上改装成БТР-152(6×6)轮式装甲人员输送车，但后来生产的车辆又改用ЗИЛ-157卡车底盘。
11,0.81861275738812,48,БТР-152(6×6),型号,卡,14,1950年，苏联在ЗИЛ-151卡车底盘上改装成БТР-152(6×6)轮式装甲人员输送车，但后来生产的车辆又改用ЗИЛ-157卡车底盘。
10,0.8079971929559168,49,ЗИЛ-157,型号,轮式装甲人员输送车,14,1950年，苏联在ЗИЛ-151卡车底盘上改装成БТР-152(6×6)轮式装甲人员输送车，但后来生产的车辆又改用ЗИЛ-157卡车底盘。
11,0.81861275738812,50,ЗИЛ-157,型号,卡,14,1950年，苏联在ЗИЛ-151卡车底盘上改装成БТР-152(6×6)轮式装甲人员输送车，但后来生产的车辆又改用ЗИЛ-157卡车底盘。
12,0.7987996576317927,51,德军,研发单位与厂商,坦克,16,重装集结：二战德军坦克及变型车辆全集：Ⅱ号坦克b型　61
12,0.7953958828054508,52,b型,型号,坦克,16,重装集结：二战德军坦克及变型车辆全集：Ⅱ号坦克b型　61
12,0.7987948626592634,53,Ⅱ号,型号,坦克,16,重装集结：二战德军坦克及变型车辆全集：Ⅱ号坦克b型　61
12,0.8057744970860458,54,二战,投入使用时间,坦克,16,重装集结：二战德军坦克及变型车辆全集：Ⅱ号坦克b型　61
13,0.7791917,55,挑战者Ⅱ,型号,主战坦克,19,挑战者Ⅱ主战坦克：马力/重量：19.2匹/吨
13,0.7791917,56,19.2匹/吨,重量,主战坦克,19,挑战者Ⅱ主战坦克：马力/重量：19.2匹/吨
14,0.7791916751926983,57,德军,研发单位与厂商,Sd Kfz,20,重装集结：二战德军坦克及变型车辆全集：Ⅲ号突击炮B型(Sd Kfz 142)　165
15,0.7791916751926983,58,德军,研发单位与厂商,Ⅲ号突击炮,20,重装集结：二战德军坦克及变型车辆全集：Ⅲ号突击炮B型(Sd Kfz 142)　165
14,0.7915022267179217,59,142,型号,Sd Kfz,20,重装集结：二战德军坦克及变型车辆全集：Ⅲ号突击炮B型(Sd Kfz 142)　165
15,0.7915022267179217,60,142,型号,Ⅲ号突击炮,20,重装集结：二战德军坦克及变型车辆全集：Ⅲ号突击炮B型(Sd Kfz 142)　165
14,0.7915022267179217,61,B型,型号,Sd Kfz,20,重装集结：二战德军坦克及变型车辆全集：Ⅲ号突击炮B型(Sd Kfz 142)　165
15,0.7915022267179217,62,B型,型号,Ⅲ号突击炮,20,重装集结：二战德军坦克及变型车辆全集：Ⅲ号突击炮B型(Sd Kfz 142)　165
14,0.7791916751926983,63,二战,投入使用时间,Sd Kfz,20,重装集结：二战德军坦克及变型车辆全集：Ⅲ号突击炮B型(Sd Kfz 142)　165
15,0.7791916751926983,64,二战,投入使用时间,Ⅲ号突击炮,20,重装集结：二战德军坦克及变型车辆全集：Ⅲ号突击炮B型(Sd Kfz 142)　165
12,0.7791916751926983,65,德国,产国,坦克,21,重装集结：二战德军坦克及变型车辆全集：《重装集结：二战德军坦克及变型车辆全集》以历史图片为证，全景式地介绍了德国在第二次世界大战中研制、使用的全系列坦克及其变型车辆的发展历程，并对模型爱好者喜爱的几种车型进行了全方位展示。内容涵盖Ⅰ/Ⅱ/Ⅲ/Ⅳ号坦克，以及“黑豹”、“虎”、“虎王”、“鼠”式坦克及其变型车的全貌。
12,0.7953958828054508,66,Ⅰ/Ⅱ/Ⅲ/Ⅳ号,型号,坦克,21,重装集结：二战德军坦克及变型车辆全集：《重装集结：二战德军坦克及变型车辆全集》以历史图片为证，全景式地介绍了德国在第二次世界大战中研制、使用的全系列坦克及其变型车辆的发展历程，并对模型爱好者喜爱的几种车型进行了全方位展示。内容涵盖Ⅰ/Ⅱ/Ⅲ/Ⅳ号坦克，以及“黑豹”、“虎”、“虎王”、“鼠”式坦克及其变型车的全貌。
12,0.8057744970860458,67,二战,投入使用时间,坦克,21,重装集结：二战德军坦克及变型车辆全集：《重装集结：二战德军坦克及变型车辆全集》以历史图片为证，全景式地介绍了德国在第二次世界大战中研制、使用的全系列坦克及其变型车辆的发展历程，并对模型爱好者喜爱的几种车型进行了全方位展示。内容涵盖Ⅰ/Ⅱ/Ⅲ/Ⅳ号坦克，以及“黑豹”、“虎”、“虎王”、“鼠”式坦克及其变型车的全貌。
12,0.788764980683933,68,第二次世界大战,投入使用时间,坦克,21,重装集结：二战德军坦克及变型车辆全集：《重装集结：二战德军坦克及变型车辆全集》以历史图片为证，全景式地介绍了德国在第二次世界大战中研制、使用的全系列坦克及其变型车辆的发展历程，并对模型爱好者喜爱的几种车型进行了全方位展示。内容涵盖Ⅰ/Ⅱ/Ⅲ/Ⅳ号坦克，以及“黑豹”、“虎”、“虎王”、“鼠”式坦克及其变型车的全貌。
12,0.7987996576317927,69,德军,研发单位与厂商,坦克,23,重装集结：二战德军坦克及变型车辆全集：Ⅲ号坦克H型　117
12,0.7987948626592634,70,Ⅲ号,型号,坦克,23,重装集结：二战德军坦克及变型车辆全集：Ⅲ号坦克H型　117
12,0.7953958828054508,71,H型,型号,坦克,23,重装集结：二战德军坦克及变型车辆全集：Ⅲ号坦克H型　117
12,0.8057744970860458,72,二战,投入使用时间,坦克,23,重装集结：二战德军坦克及变型车辆全集：Ⅲ号坦克H型　117
12,0.7987996576317927,73,德军,研发单位与厂商,坦克,25,重装集结：二战德军坦克及变型车辆全集：I号坦克F型　36
12,0.7987948626592634,74,F型,型号,坦克,25,重装集结：二战德军坦克及变型车辆全集：I号坦克F型　36
12,0.7953958828054508,75,I号,型号,坦克,25,重装集结：二战德军坦克及变型车辆全集：I号坦克F型　36
12,0.8057744970860458,76,二战,投入使用时间,坦克,25,重装集结：二战德军坦克及变型车辆全集：I号坦克F型　36
16,0.81861275738812,77,105毫米,口径,T34重型坦克,26,1945年初为了进一步增强坦克火力，美军兵器局把120毫米高射炮改为坦克炮，即T53。兵器局要求它的穿甲能力必须强于105毫米T5E1或者155毫米T7坦克炮，在发射普通炮弹时炮口初速要达到966米/秒，发射高速穿甲弹时要达到1258米/秒。T34重型坦克为美国二战时期研制的重型试验坦克，T34外形和T29、T30类似，只不过由于炮管太长，在炮塔后部焊接了100毫米厚的钢板用于配平。
17,0.81861275738812,78,105毫米,口径,T7,26,1945年初为了进一步增强坦克火力，美军兵器局把120毫米高射炮改为坦克炮，即T53。兵器局要求它的穿甲能力必须强于105毫米T5E1或者155毫米T7坦克炮，在发射普通炮弹时炮口初速要达到966米/秒，发射高速穿甲弹时要达到1258米/秒。T34重型坦克为美国二战时期研制的重型试验坦克，T34外形和T29、T30类似，只不过由于炮管太长，在炮塔后部焊接了100毫米厚的钢板用于配平。
18,0.81861275738812,79,105毫米,口径,T5E1,26,1945年初为了进一步增强坦克火力，美军兵器局把120毫米高射炮改为坦克炮，即T53。兵器局要求它的穿甲能力必须强于105毫米T5E1或者155毫米T7坦克炮，在发射普通炮弹时炮口初速要达到966米/秒，发射高速穿甲弹时要达到1258米/秒。T34重型坦克为美国二战时期研制的重型试验坦克，T34外形和T29、T30类似，只不过由于炮管太长，在炮塔后部焊接了100毫米厚的钢板用于配平。
16,0.81861275738812,80,120毫米,口径,T34重型坦克,26,1945年初为了进一步增强坦克火力，美军兵器局把120毫米高射炮改为坦克炮，即T53。兵器局要求它的穿甲能力必须强于105毫米T5E1或者155毫米T7坦克炮，在发射普通炮弹时炮口初速要达到966米/秒，发射高速穿甲弹时要达到1258米/秒。T34重型坦克为美国二战时期研制的重型试验坦克，T34外形和T29、T30类似，只不过由于炮管太长，在炮塔后部焊接了100毫米厚的钢板用于配平。
17,0.81861275738812,81,120毫米,口径,T7,26,1945年初为了进一步增强坦克火力，美军兵器局把120毫米高射炮改为坦克炮，即T53。兵器局要求它的穿甲能力必须强于105毫米T5E1或者155毫米T7坦克炮，在发射普通炮弹时炮口初速要达到966米/秒，发射高速穿甲弹时要达到1258米/秒。T34重型坦克为美国二战时期研制的重型试验坦克，T34外形和T29、T30类似，只不过由于炮管太长，在炮塔后部焊接了100毫米厚的钢板用于配平。
18,0.81861275738812,82,120毫米,口径,T5E1,26,1945年初为了进一步增强坦克火力，美军兵器局把120毫米高射炮改为坦克炮，即T53。兵器局要求它的穿甲能力必须强于105毫米T5E1或者155毫米T7坦克炮，在发射普通炮弹时炮口初速要达到966米/秒，发射高速穿甲弹时要达到1258米/秒。T34重型坦克为美国二战时期研制的重型试验坦克，T34外形和T29、T30类似，只不过由于炮管太长，在炮塔后部焊接了100毫米厚的钢板用于配平。
16,0.81861275738812,83,155毫米,口径,T34重型坦克,26,1945年初为了进一步增强坦克火力，美军兵器局把120毫米高射炮改为坦克炮，即T53。兵器局要求它的穿甲能力必须强于105毫米T5E1或者155毫米T7坦克炮，在发射普通炮弹时炮口初速要达到966米/秒，发射高速穿甲弹时要达到1258米/秒。T34重型坦克为美国二战时期研制的重型试验坦克，T34外形和T29、T30类似，只不过由于炮管太长，在炮塔后部焊接了100毫米厚的钢板用于配平。
17,0.81861275738812,84,155毫米,口径,T7,26,1945年初为了进一步增强坦克火力，美军兵器局把120毫米高射炮改为坦克炮，即T53。兵器局要求它的穿甲能力必须强于105毫米T5E1或者155毫米T7坦克炮，在发射普通炮弹时炮口初速要达到966米/秒，发射高速穿甲弹时要达到1258米/秒。T34重型坦克为美国二战时期研制的重型试验坦克，T34外形和T29、T30类似，只不过由于炮管太长，在炮塔后部焊接了100毫米厚的钢板用于配平。
18,0.81861275738812,85,155毫米,口径,T5E1,26,1945年初为了进一步增强坦克火力，美军兵器局把120毫米高射炮改为坦克炮，即T53。兵器局要求它的穿甲能力必须强于105毫米T5E1或者155毫米T7坦克炮，在发射普通炮弹时炮口初速要达到966米/秒，发射高速穿甲弹时要达到1258米/秒。T34重型坦克为美国二战时期研制的重型试验坦克，T34外形和T29、T30类似，只不过由于炮管太长，在炮塔后部焊接了100毫米厚的钢板用于配平。
19,0.7791917,86,M30式,型号,迫击炮,28,M30式107mm迫击炮：最小射程
19,0.7791917,87,107mm,口径,迫击炮,28,M30式107mm迫击炮：最小射程
20,0.7791916751926983,88,英国,产国,装甲人员输送车,29,英国亨伯1T轮式装甲人员输送车，该车由英国GKN防务公司研制，系早期AT104装甲人员输送车的后继车型。AT104原是作为国内安全车而设计的，相比之下该车的用途更为广泛，可作为侦察车、通信指挥车、抢救车、救护车、步兵火力支援车。 该车与AT104的设计结构和外形特征基本相似，主要改进包括增强了车体的防护力；重新设计车底板，增强了车体底甲板对地雷的防护力；增大了发动机功率，缩短了轴距，以提高机动性和转向性能。
20,0.7979385636909558,89,亨伯1T轮式装甲人员输送车,型号,装甲人员输送车,29,英国亨伯1T轮式装甲人员输送车，该车由英国GKN防务公司研制，系早期AT104装甲人员输送车的后继车型。AT104原是作为国内安全车而设计的，相比之下该车的用途更为广泛，可作为侦察车、通信指挥车、抢救车、救护车、步兵火力支援车。 该车与AT104的设计结构和外形特征基本相似，主要改进包括增强了车体的防护力；重新设计车底板，增强了车体底甲板对地雷的防护力；增大了发动机功率，缩短了轴距，以提高机动性和转向性能。
20,0.7979385636909558,90,AT104,型号,装甲人员输送车,29,英国亨伯1T轮式装甲人员输送车，该车由英国GKN防务公司研制，系早期AT104装甲人员输送车的后继车型。AT104原是作为国内安全车而设计的，相比之下该车的用途更为广泛，可作为侦察车、通信指挥车、抢救车、救护车、步兵火力支援车。 该车与AT104的设计结构和外形特征基本相似，主要改进包括增强了车体的防护力；重新设计车底板，增强了车体底甲板对地雷的防护力；增大了发动机功率，缩短了轴距，以提高机动性和转向性能。
21,0.7791916751926983,91,中国北方工业总公司,产国,坦克歼击车,30,PTL02轮式坦克歼击车装备使用一门105毫米线膛炮被中国北方工业总公司（NORINCO）发展用于新的轻型(快速反应)机械化步兵师。 PTL02轮式攻击坦克歼击车装备使用一门105毫米线膛炮被中国北方工业总公司（NORINCO）发展用于解放军新的轻型（快速反应）机械化步兵师。歼击车有一个三人炮塔起源于88式主战坦克（MBT）和基于WZ551式装甲人员输送车（APC）的6X6轮式车底盘。中国官员已经确认目前车辆在生产中。
21,0.7791916751926983,92,PTL02轮式坦克歼击车,型号,坦克歼击车,30,PTL02轮式坦克歼击车装备使用一门105毫米线膛炮被中国北方工业总公司（NORINCO）发展用于新的轻型(快速反应)机械化步兵师。 PTL02轮式攻击坦克歼击车装备使用一门105毫米线膛炮被中国北方工业总公司（NORINCO）发展用于解放军新的轻型（快速反应）机械化步兵师。歼击车有一个三人炮塔起源于88式主战坦克（MBT）和基于WZ551式装甲人员输送车（APC）的6X6轮式车底盘。中国官员已经确认目前车辆在生产中。
21,0.7791916751926983,93,105毫米线膛炮,口径,坦克歼击车,30,PTL02轮式坦克歼击车装备使用一门105毫米线膛炮被中国北方工业总公司（NORINCO）发展用于新的轻型(快速反应)机械化步兵师。 PTL02轮式攻击坦克歼击车装备使用一门105毫米线膛炮被中国北方工业总公司（NORINCO）发展用于解放军新的轻型（快速反应）机械化步兵师。歼击车有一个三人炮塔起源于88式主战坦克（MBT）和基于WZ551式装甲人员输送车（APC）的6X6轮式车底盘。中国官员已经确认目前车辆在生产中。
22,0.8019081854573102,94,德军,研发单位与厂商,Ⅲ号指挥坦克,31,重装集结：二战德军坦克及变型车辆全集：Ⅲ号指挥坦克H型　140
22,0.7864928118309978,95,H型,型号,Ⅲ号指挥坦克,31,重装集结：二战德军坦克及变型车辆全集：Ⅲ号指挥坦克H型　140
22,0.8019081854573102,96,二战,投入使用时间,Ⅲ号指挥坦克,31,重装集结：二战德军坦克及变型车辆全集：Ⅲ号指挥坦克H型　140
23,0.8045867798152773,97,射频/红外导引头,制导系统,海尔法反坦克导弹,32,海尔法反坦克导弹： （1）发射距离远，精度高，威力大。 （2）采用激光制导，抗干扰能力强。 （3）导弹采用模块式设计，可根据战术需要和气象条件选用不同制导方式，配备不同导引头。其中有一种射频/红外导引头，专门用于对付配有雷达的防空导弹、高射炮武器系统。 （4）需目标照射保障。
23,0.8045867798152773,98,激光制导,制导系统,海尔法反坦克导弹,32,海尔法反坦克导弹： （1）发射距离远，精度高，威力大。 （2）采用激光制导，抗干扰能力强。 （3）导弹采用模块式设计，可根据战术需要和气象条件选用不同制导方式，配备不同导引头。其中有一种射频/红外导引头，专门用于对付配有雷达的防空导弹、高射炮武器系统。 （4）需目标照射保障。
10,0.7837259996232242,99,匈牙利,产国,轮式装甲人员输送车,33,匈牙利PSZH-4轮式装甲人员输送车：匈牙利在研制与生产FUG装甲水陆侦察车之后研制该车以取代苏联以及捷克、波兰合作生产的同类车型，但载员较少，越野机动性也稍差。
10,0.8186178546385532,100,PSZH-4,型号,轮式装甲人员输送车,33,匈牙利PSZH-4轮式装甲人员输送车：匈牙利在研制与生产FUG装甲水陆侦察车之后研制该车以取代苏联以及捷克、波兰合作生产的同类车型，但载员较少，越野机动性也稍差。
10,0.8186178546385532,101,PSZH-4,型号,轮式装甲人员输送车,33,匈牙利PSZH-4轮式装甲人员输送车：匈牙利在研制与生产FUG装甲水陆侦察车之后研制该车以取代苏联以及捷克、波兰合作生产的同类车型，但载员较少，越野机动性也稍差。
10,0.8186178546385532,102,FUG,型号,轮式装甲人员输送车,33,匈牙利PSZH-4轮式装甲人员输送车：匈牙利在研制与生产FUG装甲水陆侦察车之后研制该车以取代苏联以及捷克、波兰合作生产的同类车型，但载员较少，越野机动性也稍差。
10,0.8186178546385532,103,FUG,型号,轮式装甲人员输送车,33,匈牙利PSZH-4轮式装甲人员输送车：匈牙利在研制与生产FUG装甲水陆侦察车之后研制该车以取代苏联以及捷克、波兰合作生产的同类车型，但载员较少，越野机动性也稍差。
22,0.8019081854573102,104,德军,研发单位与厂商,Ⅲ号指挥坦克,34,重装集结：二战德军坦克及变型车辆全集：Ⅲ号指挥坦克K型　143
22,0.7864928118309978,105,K型,型号,Ⅲ号指挥坦克,34,重装集结：二战德军坦克及变型车辆全集：Ⅲ号指挥坦克K型　143
22,0.8019081854573102,106,二战,投入使用时间,Ⅲ号指挥坦克,34,重装集结：二战德军坦克及变型车辆全集：Ⅲ号指挥坦克K型　143
24,0.7791917,107,德国VK3001中型坦克,产国,VK3001中型坦克,35,"德国VK3001中型坦克：产品编号     01515  产品名称     德国VK3001(H)中型坦克  条码     9580208015156  产品比例     1:35  产品类型     Static Armor  模型尺寸     Length: 277.2mm   Width: 90.7mm   Height: 78.9mm  零件总数     230pcs  金属部件     n/a  蚀刻部件     n/a  菲林胶片     n/a  树脂部件     n/a  胶版总数     5 sprues plus  lower hull, upper hull, tracks  水贴涂装     With the vehicle being a prototype, so give a small decal sheet consist of  four black/white Balkancreuz, to represent the vehicle in field gray  公布日期     2008-11  更多描述    Chassis -New tooled one-piec"
24,0.7791917,108,01515,型号,VK3001中型坦克,35,"德国VK3001中型坦克：产品编号     01515  产品名称     德国VK3001(H)中型坦克  条码     9580208015156  产品比例     1:35  产品类型     Static Armor  模型尺寸     Length: 277.2mm   Width: 90.7mm   Height: 78.9mm  零件总数     230pcs  金属部件     n/a  蚀刻部件     n/a  菲林胶片     n/a  树脂部件     n/a  胶版总数     5 sprues plus  lower hull, upper hull, tracks  水贴涂装     With the vehicle being a prototype, so give a small decal sheet consist of  four black/white Balkancreuz, to represent the vehicle in field gray  公布日期     2008-11  更多描述    Chassis -New tooled one-piec"
25,0.7791917,109,德国,产国,P-1000超级坦克,36,P-1000超级坦克：1942年初，德国武器局第5处计划开发P-1000超级重型坦克。当时纳粹德国的军事发展以及力量已经达到了高峰程度，阿道夫·希特勒本人在开始的时候对这种研发超重型坦克的项目也很感到兴趣，他觉得坦克愈大就愈强劲，并完全没有考虑到很多实际问题，就批准了由德国的克虏伯公司承担研发超重型坦克的工作。1942年6月23日，在阿尔卑斯公司由Grote博士作主要指导，及Hacke博士协助，研发超重型坦克的研究开发工作正式开始。研发这一辆超重型坦克的研发代号为P-1000，称为“巨鼠”（Ratte）超重型坦克，如果研发完成后，设计重量可高达1000吨左右。同年该公司完成了P-1000超重型坦克的设计书，并向希特勒汇报。他也很欣赏这个研发计划，就命令建议此坦克的武器配置使用两门280毫米炮作主炮。
25,0.7791917,110,1942,研发时间,P-1000超级坦克,36,P-1000超级坦克：1942年初，德国武器局第5处计划开发P-1000超级重型坦克。当时纳粹德国的军事发展以及力量已经达到了高峰程度，阿道夫·希特勒本人在开始的时候对这种研发超重型坦克的项目也很感到兴趣，他觉得坦克愈大就愈强劲，并完全没有考虑到很多实际问题，就批准了由德国的克虏伯公司承担研发超重型坦克的工作。1942年6月23日，在阿尔卑斯公司由Grote博士作主要指导，及Hacke博士协助，研发超重型坦克的研究开发工作正式开始。研发这一辆超重型坦克的研发代号为P-1000，称为“巨鼠”（Ratte）超重型坦克，如果研发完成后，设计重量可高达1000吨左右。同年该公司完成了P-1000超重型坦克的设计书，并向希特勒汇报。他也很欣赏这个研发计划，就命令建议此坦克的武器配置使用两门280毫米炮作主炮。
26,0.7791916751926983,111,美国,产国,地狱火”)导弹,37,“海尔法”(Hellfire，有的刊物译为“地狱火”)导弹是美国70年代研制、80年代装备的一种重型远程反坦克导弹。它最大的特点是采用了模块化设计，主要有AGM-114A／B／K／D等多种型号。
27,0.7791916751926983,112,美国,产国,AGM-114A／B／K／D,37,“海尔法”(Hellfire，有的刊物译为“地狱火”)导弹是美国70年代研制、80年代装备的一种重型远程反坦克导弹。它最大的特点是采用了模块化设计，主要有AGM-114A／B／K／D等多种型号。
26,0.7979385636909558,113,80年代,研发时间,地狱火”)导弹,37,“海尔法”(Hellfire，有的刊物译为“地狱火”)导弹是美国70年代研制、80年代装备的一种重型远程反坦克导弹。它最大的特点是采用了模块化设计，主要有AGM-114A／B／K／D等多种型号。
27,0.7979385636909558,114,80年代,研发时间,AGM-114A／B／K／D,37,“海尔法”(Hellfire，有的刊物译为“地狱火”)导弹是美国70年代研制、80年代装备的一种重型远程反坦克导弹。它最大的特点是采用了模块化设计，主要有AGM-114A／B／K／D等多种型号。
26,0.7979385636909558,115,70年代,研发时间,地狱火”)导弹,37,“海尔法”(Hellfire，有的刊物译为“地狱火”)导弹是美国70年代研制、80年代装备的一种重型远程反坦克导弹。它最大的特点是采用了模块化设计，主要有AGM-114A／B／K／D等多种型号。
27,0.7979385636909558,116,70年代,研发时间,AGM-114A／B／K／D,37,“海尔法”(Hellfire，有的刊物译为“地狱火”)导弹是美国70年代研制、80年代装备的一种重型远程反坦克导弹。它最大的特点是采用了模块化设计，主要有AGM-114A／B／K／D等多种型号。
28,0.7791916751926983,117,德国,产国,装甲抢救车,38,德国“水牛”BPz3装甲抢救车是德国研制的一中坦克、装甲车等的抢修车。
28,0.7979385636909558,118,“水牛”,型号,装甲抢救车,38,德国“水牛”BPz3装甲抢救车是德国研制的一中坦克、装甲车等的抢修车。
28,0.7979385636909558,119,BPz3,型号,装甲抢救车,38,德国“水牛”BPz3装甲抢救车是德国研制的一中坦克、装甲车等的抢修车。
29,0.7791916751926983,120,德军,研发单位与厂商,指挥坦克,39,重装集结：二战德军坦克及变型车辆全集：Ⅲ号指挥坦克E型　140
29,0.7915022267179217,121,Ⅲ号,型号,指挥坦克,39,重装集结：二战德军坦克及变型车辆全集：Ⅲ号指挥坦克E型　140
29,0.7915022267179217,122,E型,型号,指挥坦克,39,重装集结：二战德军坦克及变型车辆全集：Ⅲ号指挥坦克E型　140
29,0.7791916751926983,123,二战,投入使用时间,指挥坦克,39,重装集结：二战德军坦克及变型车辆全集：Ⅲ号指挥坦克E型　140
30,0.7791917,124,德军,研发单位与厂商,I号底盘假想敌演习坦克,40,重装集结：二战德军坦克及变型车辆全集：I号底盘假想敌演习坦克　55
30,0.7791917,125,二战,投入使用时间,I号底盘假想敌演习坦克,40,重装集结：二战德军坦克及变型车辆全集：I号底盘假想敌演习坦克　55
12,0.7987996576317927,126,德军,研发单位与厂商,坦克,41,重装集结：二战德军坦克及变型车辆全集：Ⅲ号坦克BCD型　106
12,0.7987948626592634,127,Ⅲ号,型号,坦克,41,重装集结：二战德军坦克及变型车辆全集：Ⅲ号坦克BCD型　106
12,0.7953958828054508,128,BCD型,型号,坦克,41,重装集结：二战德军坦克及变型车辆全集：Ⅲ号坦克BCD型　106
12,0.8057744970860458,129,二战,投入使用时间,坦克,41,重装集结：二战德军坦克及变型车辆全集：Ⅲ号坦克BCD型　106
23,0.8045867798152773,130,半主动激光,制导系统,海尔法反坦克导弹,42,海尔法反坦克导弹：在制导方面，鉴于半主动激光、红外和毫米波雷达各有所长也各有所短，洛·马公司大胆地为JCM设计了集三种制导方式于一体的所谓“三模导引头”，使JCM在具备“发射后不管”和昼夜全天候能力的同时，还大幅度提高抗干扰和精确打击能力，同时显著减少附带破坏。
23,0.7791916751926983,131,洛·马公司,研发单位与厂商,海尔法反坦克导弹,42,海尔法反坦克导弹：在制导方面，鉴于半主动激光、红外和毫米波雷达各有所长也各有所短，洛·马公司大胆地为JCM设计了集三种制导方式于一体的所谓“三模导引头”，使JCM在具备“发射后不管”和昼夜全天候能力的同时，还大幅度提高抗干扰和精确打击能力，同时显著减少附带破坏。
31,0.7791917,132,蝎式轻型(侦察)坦克,产国,英国,45,英国蝎式轻型(侦察)坦克：第一批生产型打击者(Striler)车于1965年6月交付，当年在莱茵河英国陆军服役。该车装备皇家装甲部队的反坦克部队。比利时的第一批订货于1976年6月交付。该车是以斯巴达人装甲人员输送车为基础，驾驶员在左前方，车长在其后，导弹发射手在车长的右侧。车长有1个No.26指挥塔，其上有8个潜望镜和1个瞄准线与机枪一起俯仰的1×或10×的单筒瞄准镜，1×的可由1.8×的微光瞄准镜取代。指挥塔右边安装1挺7.62mm机枪。导弹射手有1个1×和10×的单筒瞄准镜，可左右旋转55°，有1单扇右开舱盖。装有5枚斯维费尔反坦克导弹的发射箱在车顶后部，另有5枚在车内，最小射程150～300m取决于射手与车的距离；最大射程4000m。导弹可在车内发射，也可在离发射手100m内的有昨位置处发射。车的前部安装2排4管烟幕弹发射器。最近又装备了巴尔和斯特劳德(BarrandStroud)公司的热成像夜视仪。
31,0.7791917,133,1965年,投入使用时间,英国,45,英国蝎式轻型(侦察)坦克：第一批生产型打击者(Striler)车于1965年6月交付，当年在莱茵河英国陆军服役。该车装备皇家装甲部队的反坦克部队。比利时的第一批订货于1976年6月交付。该车是以斯巴达人装甲人员输送车为基础，驾驶员在左前方，车长在其后，导弹发射手在车长的右侧。车长有1个No.26指挥塔，其上有8个潜望镜和1个瞄准线与机枪一起俯仰的1×或10×的单筒瞄准镜，1×的可由1.8×的微光瞄准镜取代。指挥塔右边安装1挺7.62mm机枪。导弹射手有1个1×和10×的单筒瞄准镜，可左右旋转55°，有1单扇右开舱盖。装有5枚斯维费尔反坦克导弹的发射箱在车顶后部，另有5枚在车内，最小射程150～300m取决于射手与车的距离；最大射程4000m。导弹可在车内发射，也可在离发射手100m内的有昨位置处发射。车的前部安装2排4管烟幕弹发射器。最近又装备了巴尔和斯特劳德(BarrandStroud)公司的热成像夜视仪。
32,1.0,134,1965年,投入使用时间,蝎式轻型(侦察)坦克,45,英国蝎式轻型(侦察)坦克：第一批生产型打击者(Striler)车于1965年6月交付，当年在莱茵河英国陆军服役。该车装备皇家装甲部队的反坦克部队。比利时的第一批订货于1976年6月交付。该车是以斯巴达人装甲人员输送车为基础，驾驶员在左前方，车长在其后，导弹发射手在车长的右侧。车长有1个No.26指挥塔，其上有8个潜望镜和1个瞄准线与机枪一起俯仰的1×或10×的单筒瞄准镜，1×的可由1.8×的微光瞄准镜取代。指挥塔右边安装1挺7.62mm机枪。导弹射手有1个1×和10×的单筒瞄准镜，可左右旋转55°，有1单扇右开舱盖。装有5枚斯维费尔反坦克导弹的发射箱在车顶后部，另有5枚在车内，最小射程150～300m取决于射手与车的距离；最大射程4000m。导弹可在车内发射，也可在离发射手100m内的有昨位置处发射。车的前部安装2排4管烟幕弹发射器。最近又装备了巴尔和斯特劳德(BarrandStroud)公司的热成像夜视仪。
12,0.7987996576317927,135,德军,研发单位与厂商,坦克,46,重装集结：二战德军坦克及变型车辆全集：Ⅱ号坦克F型　68
12,0.7987948626592634,136,F型,型号,坦克,46,重装集结：二战德军坦克及变型车辆全集：Ⅱ号坦克F型　68
12,0.7987948626592634,137,Ⅱ号,型号,坦克,46,重装集结：二战德军坦克及变型车辆全集：Ⅱ号坦克F型　68
12,0.8057744970860458,138,二战,投入使用时间,坦克,46,重装集结：二战德军坦克及变型车辆全集：Ⅱ号坦克F型　68
